insert into Empresa (Nombre, Direccion) values ('Chatterpoint', '9 Atwood Hill');
insert into Empresa (Nombre, Direccion) values ('Photofeed', '75 Basil Avenue');
insert into Empresa (Nombre, Direccion) values ('Youfeed', '12628 Messerschmidt Pass');
insert into Empresa (Nombre, Direccion) values ('Riffpath', '4588 Algoma Terrace');
insert into Empresa (Nombre, Direccion) values ('Thoughtmix', '5269 Chinook Terrace');
insert into Empresa (Nombre, Direccion) values ('Tazzy', '088 Butternut Street');
insert into Empresa (Nombre, Direccion) values ('Feedmix', '6 Granby Road');
insert into Empresa (Nombre, Direccion) values ('Skipstorm', '12 Cherokee Trail');
insert into Empresa (Nombre, Direccion) values ('Blogspan', '2 Hallows Terrace');
insert into Empresa (Nombre, Direccion) values ('Podcat', '48 Reinke Junction');


insert into Fundador (Nombre, Telefono, Correo, NombreEmpresa) values ('Mark Zuckerberg', '1-(711)734-0877', 'mark@facebook.com', 'Podcat');
insert into Fundador (Nombre, Telefono, Correo, NombreEmpresa) values ('Jerry Dean', '3-(912)454-9717', 'jdean1@godaddy.com', 'Photofeed');
insert into Fundador (Nombre, Telefono, Correo, NombreEmpresa) values ('Albert Johnson', '9-(617)580-1448', 'ajohnson2@xrea.com', 'Youfeed');
insert into Fundador (Nombre, Telefono, Correo, NombreEmpresa) values ('Jack Snyder', '9-(080)056-2714', 'jsnyder3@jimdo.com', 'Riffpath');
insert into Fundador (Nombre, Telefono, Correo, NombreEmpresa) values ('Jennifer Martin', '2-(465)297-6180', 'jmartin4@blogspot.com', 'Thoughtmix');
insert into Fundador (Nombre, Telefono, Correo, NombreEmpresa) values ('Janice Campbell', '2-(370)925-3170', 'jcampbell5@psu.edu', 'Tazzy');
insert into Fundador (Nombre, Telefono, Correo, NombreEmpresa) values ('Irene Reed', '8-(161)360-2347', 'ireed6@cnet.com', 'Feedmix');
insert into Fundador (Nombre, Telefono, Correo, NombreEmpresa) values ('Edward Ray', '1-(181)924-1958', 'eray7@angelfire.com', 'Skipstorm');
insert into Fundador (Nombre, Telefono, Correo, NombreEmpresa) values ('Jacqueline Lane', '4-(227)120-7928', 'jlane8@google.ca', 'Blogspan');
insert into Fundador (Nombre, Telefono, Correo, NombreEmpresa) values ('Marilyn Carroll', '1-(682)077-3093', 'mcarroll0@sphinn.com', 'Chatterpoint');


insert into RedSocial (Nombre, Descripcion, Tipo, NombreEmpresa, FechaLanzamiento) values ('Facebook', 'Integer aliquet', 'Profesional', 'Podcat', '2007-10-16');
insert into RedSocial (Nombre, Descripcion, Tipo, NombreEmpresa, FechaLanzamiento) values ('Twitter', 'Vestibulum ac', 'Profesional', 'Photofeed', '2008-08-04');
insert into RedSocial (Nombre, Descripcion, Tipo, NombreEmpresa, FechaLanzamiento) values ('Myspace', 'Quisque ar', 'Personal', 'Youfeed', '2007-04-15');
insert into RedSocial (Nombre, Descripcion, Tipo, NombreEmpresa, FechaLanzamiento) values ('Google+', 'Aliquam sit', 'Personal', 'Riffpath', '2007-09-08');
insert into RedSocial (Nombre, Descripcion, Tipo, NombreEmpresa, FechaLanzamiento) values ('Ask.fm', 'Vestibulum', 'Profesional', 'Thoughtmix', '2008-12-26');
insert into RedSocial (Nombre, Descripcion, Tipo, NombreEmpresa, FechaLanzamiento) values ('Foursquare', 'Integer tincidunt.', 'Profesional', 'Tazzy', '2008-07-27');
insert into RedSocial (Nombre, Descripcion, Tipo, NombreEmpresa, FechaLanzamiento) values ('Hi5', 'Fusce lacus', 'Recreacional', 'Feedmix', '2013-11-18');
insert into RedSocial (Nombre, Descripcion, Tipo, NombreEmpresa, FechaLanzamiento) values ('Instagram', 'Integer a nibh.', 'Profesional', 'Skipstorm', '2014-04-15');
insert into RedSocial (Nombre, Descripcion, Tipo, NombreEmpresa, FechaLanzamiento) values ('Pinterest', 'ligula in lacus.', 'Profesional', 'Blogspan', '2012-03-03');
insert into RedSocial (Nombre, Descripcion, Tipo, NombreEmpresa, FechaLanzamiento) values ('Snapchat', 'Fusce posuere ', 'Profesional', 'Chatterpoint', '2014-05-14');


insert into Administra (NombreFundador, NombreRedSocial) values ('Mark Zuckerberg', 'Facebook');
insert into Administra (NombreFundador, NombreRedSocial) values ('Jerry Dean', 'Twitter');
insert into Administra (NombreFundador, NombreRedSocial) values ('Albert Johnson', 'Myspace');
insert into Administra (NombreFundador, NombreRedSocial) values ('Jack Snyder', 'Google+');
insert into Administra (NombreFundador, NombreRedSocial) values ('Jennifer Martin', 'Ask.fm');
insert into Administra (NombreFundador, NombreRedSocial) values ('Janice Campbell', 'Foursquare');
insert into Administra (NombreFundador, NombreRedSocial) values ('Irene Reed', 'Hi5');
insert into Administra (NombreFundador, NombreRedSocial) values ('Edward Ray', 'Instagram');
insert into Administra (NombreFundador, NombreRedSocial) values ('Jacqueline Lane', 'Pinterest');
insert into Administra (NombreFundador, NombreRedSocial) values ('Marilyn Carroll', 'Snapchat');


insert into Usuario (ID, NombreUsuario, Correo, ContrasenaEncriptada, FechaRegistro, NombreRedsocial) values (1, 'srussell0', 'sscott0@spotify.com', 'Cl07q5', '2008-10-09', 'Facebook');
insert into Usuario (ID, NombreUsuario, Correo, ContrasenaEncriptada, FechaRegistro, NombreRedsocial) values (2, 'jevans1', 'mmorales1@slideshare.net', 'gmwJIepQplYr', '2006-09-19', 'Facebook');
insert into Usuario (ID, NombreUsuario, Correo, ContrasenaEncriptada, FechaRegistro, NombreRedsocial) values (3, 'mknight2', 'jschmidt2@va.gov', 'bXuOS5Bd', '2013-09-03', 'Facebook');
insert into Usuario (ID, NombreUsuario, Correo, ContrasenaEncriptada, FechaRegistro, NombreRedsocial) values (4, 'jhall3', 'khayes3@mit.edu', '1E5gWXy', '2014-12-09', 'Facebook');
insert into Usuario (ID, NombreUsuario, Correo, ContrasenaEncriptada, FechaRegistro, NombreRedsocial) values (5, 'lperez4', 'jelliott4@youku.com', 'uxONpKTBWUVg', '2012-12-09', 'Facebook');
insert into Usuario (ID, NombreUsuario, Correo, ContrasenaEncriptada, FechaRegistro, NombreRedsocial) values (6, 'AnnieS', 'phenry5@mysql.com', 'NwUciBDHN8Ap', '2006-07-30', 'Facebook');
insert into Usuario (ID, NombreUsuario, Correo, ContrasenaEncriptada, FechaRegistro, NombreRedsocial) values (7, 'ZackW', 'cwilliams6@wisc.edu', 'Lu9oRb', '2013-05-25', 'Facebook');
insert into Usuario (ID, NombreUsuario, Correo, ContrasenaEncriptada, FechaRegistro, NombreRedsocial) values (8, 'Shadow', 'shadow@gmail.com', '1jKDq0', '2011-05-25', 'Facebook');
insert into Usuario (ID, NombreUsuario, Correo, ContrasenaEncriptada, FechaRegistro, NombreRedsocial) values (9, 'Xemozu', 'Xemozu@gmail.com', 'g30l1ve', '2008-11-05', 'Facebook');
insert into Usuario (ID, NombreUsuario, Correo, ContrasenaEncriptada, FechaRegistro, NombreRedsocial) values (10, 'Sol', 'sol@gmail.com', 'kao356', '2014-12-30', 'Facebook');
insert into Usuario (ID, NombreUsuario, Correo, ContrasenaEncriptada, FechaRegistro, NombreRedsocial) values (11, 'Chubbytentacle', 'chubby@gmail.com', '2os92', '2010-12-19', 'Facebook');
insert into Usuario (ID, NombreUsuario, Correo, ContrasenaEncriptada, FechaRegistro, NombreRedsocial) values (12, 'Rafafari', 'sol@gmail.com', 'kao356', '2013-05-07', 'Facebook');

insert into Usuario (ID, NombreUsuario, Correo, ContrasenaEncriptada, FechaRegistro, NombreRedsocial) values (13, 'Videogames', 'bgriffin0@facebook.com', 'yAWYOvhRuTUR', '2013-11-25', 'Twitter');
insert into Usuario (ID, NombreUsuario, Correo, ContrasenaEncriptada, FechaRegistro, NombreRedsocial) values (14, 'wwelch1', 'rallen1@time.com', 'fDWa5ZYxpxpj', '2014-03-10', 'Twitter');
insert into Usuario (ID, NombreUsuario, Correo, ContrasenaEncriptada, FechaRegistro, NombreRedsocial) values (15, 'jharper2', 'phill2@newsvine.com', 'XfhzRq', '2015-05-27', 'Twitter');
insert into Usuario (ID, NombreUsuario, Correo, ContrasenaEncriptada, FechaRegistro, NombreRedsocial) values (16, 'emontgomery3', 'rrogers3@networkadvertising.org', '5O72fk', '2015-11-01', 'Twitter');
insert into Usuario (ID, NombreUsuario, Correo, ContrasenaEncriptada, FechaRegistro, NombreRedsocial) values (17, 'ariley4', 'rvasquez4@odnoklassniki.ru', 'y9lcCDaYd4', '2009-02-11', 'Twitter');
insert into Usuario (ID, NombreUsuario, Correo, ContrasenaEncriptada, FechaRegistro, NombreRedsocial) values (18, 'jray5', 'tstanley5@vkontakte.ru', '6izRuAY', '2015-05-26', 'Twitter');
insert into Usuario (ID, NombreUsuario, Correo, ContrasenaEncriptada, FechaRegistro, NombreRedsocial) values (19, 'jmeyer6', 'tcollins6@netvibes.com', 'eUssh5HXZDQm', '2015-05-27', 'Twitter');
insert into Usuario (ID, NombreUsuario, Correo, ContrasenaEncriptada, FechaRegistro, NombreRedsocial) values (20, 'Shadow', 'shadow@gmail.com', '1jKDq0', '2015-05-25', 'Twitter');
insert into Usuario (ID, NombreUsuario, Correo, ContrasenaEncriptada, FechaRegistro, NombreRedsocial) values (21, 'Xemozu', 'Xemozu@gmail.com', 'g30l1ve', '2015-05-05', 'Twitter');
insert into Usuario (ID, NombreUsuario, Correo, ContrasenaEncriptada, FechaRegistro, NombreRedsocial) values (22, 'Sol', 'sol@gmail.com', 'kao356', '2015-05-30', 'Twitter');
insert into Usuario (ID, NombreUsuario, Correo, ContrasenaEncriptada, FechaRegistro, NombreRedsocial) values (23, 'Chubbytentacle', 'chubby@gmail.com', '2os92', '2015-05-19', 'Twitter');
insert into Usuario (ID, NombreUsuario, Correo, ContrasenaEncriptada, FechaRegistro, NombreRedsocial) values (24, 'Rafafari', 'sol@gmail.com', 'kao356', '2015-05-07', 'Twitter');

insert into Usuario (ID, NombreUsuario, Correo, ContrasenaEncriptada, FechaRegistro, NombreRedsocial) values (25, 'hwells0', 'tmurphy0@google.co.jp', 'NGOiFQb', '2007-01-31', 'Myspace');
insert into Usuario (ID, NombreUsuario, Correo, ContrasenaEncriptada, FechaRegistro, NombreRedsocial) values (26, 'hroberts1', 'jmatthews1@baidu.com', '9DhQ4NLy0lF', '2007-08-13', 'Myspace');
insert into Usuario (ID, NombreUsuario, Correo, ContrasenaEncriptada, FechaRegistro, NombreRedsocial) values (27, 'haustin2', 'jhawkins2@infoseek.co.jp', 'yWzoRDiCi', '2014-12-14', 'Myspace');
insert into Usuario (ID, NombreUsuario, Correo, ContrasenaEncriptada, FechaRegistro, NombreRedsocial) values (28, 'felliott3', 'jramos3@1und1.de', 'TiMqRlKP6W4', '2012-10-08', 'Myspace');
insert into Usuario (ID, NombreUsuario, Correo, ContrasenaEncriptada, FechaRegistro, NombreRedsocial) values (29, 'dray4', 'jfernandez4@icq.com', 'JnR8lOi', '2008-11-24', 'Myspace');
insert into Usuario (ID, NombreUsuario, Correo, ContrasenaEncriptada, FechaRegistro, NombreRedsocial) values (30, 'lgordon5', 'jkelly5@paypal.com', 'X5Npr5AdiNiE', '2014-03-04', 'Myspace');
insert into Usuario (ID, NombreUsuario, Correo, ContrasenaEncriptada, FechaRegistro, NombreRedsocial) values (31, 'lfrazier6', 'varmstrong6@mashable.com', 'T1jPzDG6rq7f', '2010-07-25', 'Myspace');
insert into Usuario (ID, NombreUsuario, Correo, ContrasenaEncriptada, FechaRegistro, NombreRedsocial) values (32, 'Shadow', 'shadow@gmail.com', '1jKDq0', '2011-05-25', 'Myspace');
insert into Usuario (ID, NombreUsuario, Correo, ContrasenaEncriptada, FechaRegistro, NombreRedsocial) values (33, 'Xemozu', 'Xemozu@gmail.com', 'g30l1ve', '2008-11-05', 'Myspace');
insert into Usuario (ID, NombreUsuario, Correo, ContrasenaEncriptada, FechaRegistro, NombreRedsocial) values (34, 'Sol', 'sol@gmail.com', 'kao356', '2014-12-30', 'Myspace');
insert into Usuario (ID, NombreUsuario, Correo, ContrasenaEncriptada, FechaRegistro, NombreRedsocial) values (35, 'Chubbytentacle', 'chubby@gmail.com', '2os92', '2010-12-19', 'Myspace');
insert into Usuario (ID, NombreUsuario, Correo, ContrasenaEncriptada, FechaRegistro, NombreRedsocial) values (36, 'Rafafari', 'sol@gmail.com', 'kao356', '2013-05-07', 'MySpace');

insert into Usuario (ID, NombreUsuario, Correo, ContrasenaEncriptada, FechaRegistro, NombreRedsocial) values (37, 'baustin0', 'rhayes0@paypal.com', 'dEu2Ym', '2006-02-18', 'Google+');
insert into Usuario (ID, NombreUsuario, Correo, ContrasenaEncriptada, FechaRegistro, NombreRedsocial) values (38, 'rhansen1', 'pblack1@studiopress.com', 'g0n4U6Ky0Odj', '2011-12-13', 'Google+');
insert into Usuario (ID, NombreUsuario, Correo, ContrasenaEncriptada, FechaRegistro, NombreRedsocial) values (39, 'kgreen2', 'jmccoy2@ask.com', 'tEO8DPG8GxwY', '2014-11-30', 'Google+');
insert into Usuario (ID, NombreUsuario, Correo, ContrasenaEncriptada, FechaRegistro, NombreRedsocial) values (40, 'dbishop3', 'nperry3@tmall.com', 'LUwDR8pqt', '2008-12-08', 'Google+');
insert into Usuario (ID, NombreUsuario, Correo, ContrasenaEncriptada, FechaRegistro, NombreRedsocial) values (41, 'rmartinez4', 'pburns4@zdnet.com', 'gpqcX2', '2009-10-28', 'Google+');
insert into Usuario (ID, NombreUsuario, Correo, ContrasenaEncriptada, FechaRegistro, NombreRedsocial) values (42, 'jwarren5', 'shill5@360.cn', '9Iub4IEdFf', '2007-07-05', 'Google+');
insert into Usuario (ID, NombreUsuario, Correo, ContrasenaEncriptada, FechaRegistro, NombreRedsocial) values (43, 'ghughes6', 'abell6@tamu.edu', 'hZTIbjffDThR', '2014-06-05', 'Google+');
insert into Usuario (ID, NombreUsuario, Correo, ContrasenaEncriptada, FechaRegistro, NombreRedsocial) values (44, 'Shadow', 'shadow@gmail.com', '1jKDq0', '2011-05-25', 'Google+');
insert into Usuario (ID, NombreUsuario, Correo, ContrasenaEncriptada, FechaRegistro, NombreRedsocial) values (45, 'Xemozu', 'Xemozu@gmail.com', 'g30l1ve', '2008-11-05', 'Google+');
insert into Usuario (ID, NombreUsuario, Correo, ContrasenaEncriptada, FechaRegistro, NombreRedsocial) values (46, 'Sol', 'sol@gmail.com', 'kao356', '2014-12-30', 'Google+');
insert into Usuario (ID, NombreUsuario, Correo, ContrasenaEncriptada, FechaRegistro, NombreRedsocial) values (47, 'Chubbytentacle', 'chubby@gmail.com', '2os92', '2010-12-19', 'Google+');
insert into Usuario (ID, NombreUsuario, Correo, ContrasenaEncriptada, FechaRegistro, NombreRedsocial) values (48, 'Rafafari', 'sol@gmail.com', 'kao356', '2013-05-07', 'Google+');

insert into Usuario (ID, NombreUsuario, Correo, ContrasenaEncriptada, FechaRegistro, NombreRedsocial) values (49, 'jmontgomery0', 'ccook0@theatlantic.com', 'rAL5vZzikal', '2007-11-23', 'Ask.fm');
insert into Usuario (ID, NombreUsuario, Correo, ContrasenaEncriptada, FechaRegistro, NombreRedsocial) values (50, 'lperez1', 'rrose1@redcross.org', '0YGYBrj5KjFH', '2013-08-22', 'Ask.fm');
insert into Usuario (ID, NombreUsuario, Correo, ContrasenaEncriptada, FechaRegistro, NombreRedsocial) values (51, 'kjones2', 'jfrazier2@xrea.com', 'GMBnrxTR', '2013-11-07', 'Ask.fm');
insert into Usuario (ID, NombreUsuario, Correo, ContrasenaEncriptada, FechaRegistro, NombreRedsocial) values (52, 'lhudson3', 'jmcdonald3@telegraph.co.uk', '68pkebllb', '2010-08-06', 'Ask.fm');
insert into Usuario (ID, NombreUsuario, Correo, ContrasenaEncriptada, FechaRegistro, NombreRedsocial) values (53, 'ksanchez4', 'rdunn4@irs.gov', 'l6XkdLh', '2012-08-17', 'Ask.fm');
insert into Usuario (ID, NombreUsuario, Correo, ContrasenaEncriptada, FechaRegistro, NombreRedsocial) values (54, 'epayne5', 'jdiaz5@mapy.cz', 'XEW2fhBsPY', '2014-10-02', 'Ask.fm');
insert into Usuario (ID, NombreUsuario, Correo, ContrasenaEncriptada, FechaRegistro, NombreRedsocial) values (55, 'echavez6', 'fhayes6@uiuc.edu', 'XdhRNQGi0', '2014-02-12', 'Ask.fm');
insert into Usuario (ID, NombreUsuario, Correo, ContrasenaEncriptada, FechaRegistro, NombreRedsocial) values (56, 'Shadow', 'shadow@gmail.com', '1jKDq0', '2011-05-25', 'Ask.fm');
insert into Usuario (ID, NombreUsuario, Correo, ContrasenaEncriptada, FechaRegistro, NombreRedsocial) values (57, 'Xemozu', 'Xemozu@gmail.com', 'g30l1ve', '2008-11-05', 'Ask.fm');
insert into Usuario (ID, NombreUsuario, Correo, ContrasenaEncriptada, FechaRegistro, NombreRedsocial) values (58, 'Sol', 'sol@gmail.com', 'kao356', '2014-12-30', 'Ask.fm');
insert into Usuario (ID, NombreUsuario, Correo, ContrasenaEncriptada, FechaRegistro, NombreRedsocial) values (59, 'Chubbytentacle', 'chubby@gmail.com', '2os92', '2010-12-19', 'Ask.fm');
insert into Usuario (ID, NombreUsuario, Correo, ContrasenaEncriptada, FechaRegistro, NombreRedsocial) values (60, 'Rafafari', 'sol@gmail.com', 'kao356', '2013-05-07', 'Ask.fm');

insert into Usuario (ID, NombreUsuario, Correo, ContrasenaEncriptada, FechaRegistro, NombreRedsocial) values (61, 'jstanley0', 'jray0@live.com', 'JwWkd2Q3xVh', '2012-06-06', 'Foursquare');
insert into Usuario (ID, NombreUsuario, Correo, ContrasenaEncriptada, FechaRegistro, NombreRedsocial) values (62, 'klarson1', 'awalker1@slate.com', 'pa25OC6B', '2006-06-07', 'Foursquare');
insert into Usuario (ID, NombreUsuario, Correo, ContrasenaEncriptada, FechaRegistro, NombreRedsocial) values (63, 'candrews2', 'drivera2@gravatar.com', '7dRq2CHOrIB', '2014-04-22', 'Foursquare');
insert into Usuario (ID, NombreUsuario, Correo, ContrasenaEncriptada, FechaRegistro, NombreRedsocial) values (64, 'jhanson3', 'jfranklin3@time.com', 'vRhApwB0kl', '2012-09-14', 'Foursquare');
insert into Usuario (ID, NombreUsuario, Correo, ContrasenaEncriptada, FechaRegistro, NombreRedsocial) values (65, 'ameyer4', 'kaustin4@blog.com', 'bE085HxVaf', '2010-01-25', 'Foursquare');
insert into Usuario (ID, NombreUsuario, Correo, ContrasenaEncriptada, FechaRegistro, NombreRedsocial) values (66, 'arose5', 'thill5@goo.ne.jp', '3tNtODoUWp', '2014-05-07', 'Foursquare');
insert into Usuario (ID, NombreUsuario, Correo, ContrasenaEncriptada, FechaRegistro, NombreRedsocial) values (67, 'mbrooks6', 'jmills6@archive.org', 'p757tIQ', '2014-11-25', 'Foursquare');
insert into Usuario (ID, NombreUsuario, Correo, ContrasenaEncriptada, FechaRegistro, NombreRedsocial) values (68, 'Shadow', 'shadow@gmail.com', '1jKDq0', '2011-05-25', 'Foursquare');
insert into Usuario (ID, NombreUsuario, Correo, ContrasenaEncriptada, FechaRegistro, NombreRedsocial) values (69, 'Xemozu', 'Xemozu@gmail.com', 'g30l1ve', '2008-11-05', 'Foursquare');
insert into Usuario (ID, NombreUsuario, Correo, ContrasenaEncriptada, FechaRegistro, NombreRedsocial) values (70, 'Sol', 'sol@gmail.com', 'kao356', '2014-12-30', 'Foursquare');
insert into Usuario (ID, NombreUsuario, Correo, ContrasenaEncriptada, FechaRegistro, NombreRedsocial) values (71, 'Chubbytentacle', 'chubby@gmail.com', '2os92', '2010-12-19', 'Foursquare');
insert into Usuario (ID, NombreUsuario, Correo, ContrasenaEncriptada, FechaRegistro, NombreRedsocial) values (72, 'Rafafari', 'sol@gmail.com', 'kao356', '2013-05-07', 'Foursquare');

insert into Usuario (ID, NombreUsuario, Correo, ContrasenaEncriptada, FechaRegistro, NombreRedsocial) values (73, 'jfuller0', 'pmarshall0@forbes.com', 'ovR22foR', '2009-12-05', 'Hi5');
insert into Usuario (ID, NombreUsuario, Correo, ContrasenaEncriptada, FechaRegistro, NombreRedsocial) values (74, 'eallen1', 'igrant1@reverbnation.com', 'RMFlvj', '2013-02-05', 'Hi5');
insert into Usuario (ID, NombreUsuario, Correo, ContrasenaEncriptada, FechaRegistro, NombreRedsocial) values (75, 'ahanson2', 'rhudson2@youtu.be', 'NzdY0wPDpfIN', '2014-05-12', 'Hi5');
insert into Usuario (ID, NombreUsuario, Correo, ContrasenaEncriptada, FechaRegistro, NombreRedsocial) values (76, 'jwagner3', 'dmorris3@ebay.co.uk', 'pitMbw9Cr', '2013-02-08', 'Hi5');
insert into Usuario (ID, NombreUsuario, Correo, ContrasenaEncriptada, FechaRegistro, NombreRedsocial) values (77, 'ghawkins4', 'bstanley4@github.io', 'g9YhrfxuD5', '2006-04-27', 'Hi5');
insert into Usuario (ID, NombreUsuario, Correo, ContrasenaEncriptada, FechaRegistro, NombreRedsocial) values (78, 'hcook5', 'sbailey5@examiner.com', '2m7wmnU', '2007-03-13', 'Hi5');
insert into Usuario (ID, NombreUsuario, Correo, ContrasenaEncriptada, FechaRegistro, NombreRedsocial) values (79, 'pwatkins6', 'jflores6@alexa.com', 'E4FtCl', '2009-07-11', 'Hi5');
insert into Usuario (ID, NombreUsuario, Correo, ContrasenaEncriptada, FechaRegistro, NombreRedsocial) values (80, 'Shadow', 'shadow@gmail.com', '1jKDq0', '2011-05-25', 'Hi5');
insert into Usuario (ID, NombreUsuario, Correo, ContrasenaEncriptada, FechaRegistro, NombreRedsocial) values (81, 'Xemozu', 'Xemozu@gmail.com', 'g30l1ve', '2008-11-05', 'Hi5');
insert into Usuario (ID, NombreUsuario, Correo, ContrasenaEncriptada, FechaRegistro, NombreRedsocial) values (82, 'Sol', 'sol@gmail.com', 'kao356', '2014-12-30', 'Hi5');
insert into Usuario (ID, NombreUsuario, Correo, ContrasenaEncriptada, FechaRegistro, NombreRedsocial) values (83, 'Chubbytentacle', 'chubby@gmail.com', '2os92', '2010-12-19', 'Hi5');
insert into Usuario (ID, NombreUsuario, Correo, ContrasenaEncriptada, FechaRegistro, NombreRedsocial) values (84, 'Rafafari', 'sol@gmail.com', 'kao356', '2013-05-07', 'Hi5');

insert into Usuario (ID, NombreUsuario, Correo, ContrasenaEncriptada, FechaRegistro, NombreRedsocial) values (85, 'nstanley0', 'ahughes0@redcross.org', 'LLA3faNS2', '2014-05-12', 'Instagram');
insert into Usuario (ID, NombreUsuario, Correo, ContrasenaEncriptada, FechaRegistro, NombreRedsocial) values (86, 'aharrison1', 'dcarr1@sun.com', 'UqjMTR3NEE5', '2007-10-30', 'Instagram');
insert into Usuario (ID, NombreUsuario, Correo, ContrasenaEncriptada, FechaRegistro, NombreRedsocial) values (87, 'hwalker2', 'hgibson2@army.mil', '3IiRNoDCe', '2006-09-05', 'Instagram');
insert into Usuario (ID, NombreUsuario, Correo, ContrasenaEncriptada, FechaRegistro, NombreRedsocial) values (88, 'ajackson3', 'bwood3@cdbaby.com', 'eSQ7YU39WBf', '2010-03-29', 'Instagram');
insert into Usuario (ID, NombreUsuario, Correo, ContrasenaEncriptada, FechaRegistro, NombreRedsocial) values (89, 'kknight4', 'emccoy4@comcast.net', 'foZkmHdzmvz', '2006-03-19', 'Instagram');
insert into Usuario (ID, NombreUsuario, Correo, ContrasenaEncriptada, FechaRegistro, NombreRedsocial) values (90, 'dhansen5', 'dking5@opensource.org', 'prwoj4t', '2006-11-21', 'Instagram');
insert into Usuario (ID, NombreUsuario, Correo, ContrasenaEncriptada, FechaRegistro, NombreRedsocial) values (91, 'jmorrison6', 'rbryant6@soup.io', 'M1RqId6hV1N', '2011-02-17', 'Instagram');
insert into Usuario (ID, NombreUsuario, Correo, ContrasenaEncriptada, FechaRegistro, NombreRedsocial) values (92, 'Shadow', 'shadow@gmail.com', '1jKDq0', '2011-05-25', 'Instagram');
insert into Usuario (ID, NombreUsuario, Correo, ContrasenaEncriptada, FechaRegistro, NombreRedsocial) values (93, 'Xemozu', 'Xemozu@gmail.com', 'g30l1ve', '2008-11-05', 'Instagram');
insert into Usuario (ID, NombreUsuario, Correo, ContrasenaEncriptada, FechaRegistro, NombreRedsocial) values (94, 'Sol', 'sol@gmail.com', 'kao356', '2014-12-30', 'Instagram');
insert into Usuario (ID, NombreUsuario, Correo, ContrasenaEncriptada, FechaRegistro, NombreRedsocial) values (95, 'Chubbytentacle', 'chubby@gmail.com', '2os92', '2010-12-19', 'Instagram');
insert into Usuario (ID, NombreUsuario, Correo, ContrasenaEncriptada, FechaRegistro, NombreRedsocial) values (96, 'Rafafari', 'sol@gmail.com', 'kao356', '2013-05-07', 'Instagram');

insert into Usuario (ID, NombreUsuario, Correo, ContrasenaEncriptada, FechaRegistro, NombreRedsocial) values (97, 'rperkins0', 'dolson0@sogou.com', 'BX1KPqMaaS', '2010-11-29', 'Pinterest');
insert into Usuario (ID, NombreUsuario, Correo, ContrasenaEncriptada, FechaRegistro, NombreRedsocial) values (98, 'arice1', 'cholmes1@xing.com', 'horVfZY', '2009-08-24', 'Pinterest');
insert into Usuario (ID, NombreUsuario, Correo, ContrasenaEncriptada, FechaRegistro, NombreRedsocial) values (99, 'nfuller2', 'kwood2@imageshack.us', 'ucy4zxgQBAW', '2011-12-12', 'Pinterest');
insert into Usuario (ID, NombreUsuario, Correo, ContrasenaEncriptada, FechaRegistro, NombreRedsocial) values (100, 'glewis3', 'irodriguez3@biblegateway.com', 'UuojoBRDzs', '2010-09-25', 'Pinterest');
insert into Usuario (ID, NombreUsuario, Correo, ContrasenaEncriptada, FechaRegistro, NombreRedsocial) values (101, 'djones4', 'aprice4@wunderground.com', 'pJfuRW', '2006-10-04', 'Pinterest');
insert into Usuario (ID, NombreUsuario, Correo, ContrasenaEncriptada, FechaRegistro, NombreRedsocial) values (102, 'aramos5', 'thoward5@toplist.cz', 'GXGELx', '2012-04-16', 'Pinterest');
insert into Usuario (ID, NombreUsuario, Correo, ContrasenaEncriptada, FechaRegistro, NombreRedsocial) values (103, 'dthompson6', 'alane6@imgur.com', 'UDiHch7uIlxm', '2006-01-31', 'Pinterest');
insert into Usuario (ID, NombreUsuario, Correo, ContrasenaEncriptada, FechaRegistro, NombreRedsocial) values (104, 'Shadow', 'shadow@gmail.com', '1jKDq0', '2011-05-25', 'Pinterest');
insert into Usuario (ID, NombreUsuario, Correo, ContrasenaEncriptada, FechaRegistro, NombreRedsocial) values (105, 'Xemozu', 'Xemozu@gmail.com', 'g30l1ve', '2008-11-05', 'Pinterest');
insert into Usuario (ID, NombreUsuario, Correo, ContrasenaEncriptada, FechaRegistro, NombreRedsocial) values (106, 'Sol', 'sol@gmail.com', 'kao356', '2014-12-30', 'Pinterest');
insert into Usuario (ID, NombreUsuario, Correo, ContrasenaEncriptada, FechaRegistro, NombreRedsocial) values (107, 'Chubbytentacle', 'chubby@gmail.com', '2os92', '2010-12-19', 'Pinterest');
insert into Usuario (ID, NombreUsuario, Correo, ContrasenaEncriptada, FechaRegistro, NombreRedsocial) values (108, 'Rafafari', 'sol@gmail.com', 'kao356', '2013-05-07', 'Pinterest');

insert into Usuario (ID, NombreUsuario, Correo, ContrasenaEncriptada, FechaRegistro, NombreRedsocial) values (109, 'rgonzalez0', 'pkelley0@bravesites.com', 'znbd55DuRIDI', '2008-01-03', 'Snapchat');
insert into Usuario (ID, NombreUsuario, Correo, ContrasenaEncriptada, FechaRegistro, NombreRedsocial) values (110, 'rbennett1', 'jbrooks1@wix.com', 'UYWW1mo6SV', '2011-09-05', 'Snapchat');
insert into Usuario (ID, NombreUsuario, Correo, ContrasenaEncriptada, FechaRegistro, NombreRedsocial) values (111, 'lrivera2', 'bstevens2@etsy.com', 'rVH1YCnbBxO1', '2012-03-29', 'Snapchat');
insert into Usuario (ID, NombreUsuario, Correo, ContrasenaEncriptada, FechaRegistro, NombreRedsocial) values (112, 'kcook3', 'skim3@uiuc.edu', 'W5os4Z', '2011-11-13', 'Snapchat');
insert into Usuario (ID, NombreUsuario, Correo, ContrasenaEncriptada, FechaRegistro, NombreRedsocial) values (113, 'dcoleman4', 'rcoleman4@artisteer.com', 'GHKuEvCQ', '2012-11-18', 'Snapchat');
insert into Usuario (ID, NombreUsuario, Correo, ContrasenaEncriptada, FechaRegistro, NombreRedsocial) values (114, 'areynolds5', 'bpierce5@xinhuanet.com', '6wFZEfDE6xN', '2011-09-07', 'Snapchat');
insert into Usuario (ID, NombreUsuario, Correo, ContrasenaEncriptada, FechaRegistro, NombreRedsocial) values (115, 'eross6', 'lelliott6@unicef.org', 'HaxmEIr7k3T', '2011-09-08', 'Snapchat');
insert into Usuario (ID, NombreUsuario, Correo, ContrasenaEncriptada, FechaRegistro, NombreRedsocial) values (116, 'Shadow', 'shadow@gmail.com', '1jKDq0', '2011-05-25', 'Snapchat');
insert into Usuario (ID, NombreUsuario, Correo, ContrasenaEncriptada, FechaRegistro, NombreRedsocial) values (117, 'Xemozu', 'Xemozu@gmail.com', 'g30l1ve', '2008-11-05', 'Snapchat');
insert into Usuario (ID, NombreUsuario, Correo, ContrasenaEncriptada, FechaRegistro, NombreRedsocial) values (118, 'Sol', 'sol@gmail.com', 'kao356', '2014-12-30', 'Snapchat');
insert into Usuario (ID, NombreUsuario, Correo, ContrasenaEncriptada, FechaRegistro, NombreRedsocial) values (119, 'Chubbytentacle', 'chubby@gmail.com', '2os92', '2010-12-19', 'Snapchat');
insert into Usuario (ID, NombreUsuario, Correo, ContrasenaEncriptada, FechaRegistro, NombreRedsocial) values (120, 'Rafafari', 'sol@gmail.com', 'kao356', '2013-05-07', 'Snapchat');

insert into Interrelaciona (Correo, NombreRedSocial1, NombreRedSocial2, UsuarioID) values ('jlewis0@ucla.edu', 'Snapchat', 'Twitter', 16);
insert into Interrelaciona (Correo, NombreRedSocial1, NombreRedSocial2, UsuarioID) values ('pbradley1@networkadvertising.org', 'MySpace', 'Facebook', 108);
insert into Interrelaciona (Correo, NombreRedSocial1, NombreRedSocial2, UsuarioID) values ('rmccoy2@virginia.edu', 'Ask.fm', 'Twitter', 55);
insert into Interrelaciona (Correo, NombreRedSocial1, NombreRedSocial2, UsuarioID) values ('jdiaz3@feedburner.com', 'Ask.fm', 'MySpace', 105);
insert into Interrelaciona (Correo, NombreRedSocial1, NombreRedSocial2, UsuarioID) values ('ecampbell4@cbc.ca', 'Google+', 'MySpace', 66);
insert into Interrelaciona (Correo, NombreRedSocial1, NombreRedSocial2, UsuarioID) values ('ppayne5@typepad.com', 'Twitter', 'Snapchat', 104);
insert into Interrelaciona (Correo, NombreRedSocial1, NombreRedSocial2, UsuarioID) values ('kkelly6@wired.com', 'MySpace', 'Twitter', 44);
insert into Interrelaciona (Correo, NombreRedSocial1, NombreRedSocial2, UsuarioID) values ('rhansen7@eepurl.com', 'Instagram', 'Ask.fm', 118);
insert into Interrelaciona (Correo, NombreRedSocial1, NombreRedSocial2, UsuarioID) values ('jchapman8@geocities.com', 'Snapchat', 'MySpace', 47);
insert into Interrelaciona (Correo, NombreRedSocial1, NombreRedSocial2, UsuarioID) values ('jtaylor9@stanford.edu', 'Snapchat', 'MySpace', 55);
insert into Interrelaciona (Correo, NombreRedSocial1, NombreRedSocial2, UsuarioID) values ('mark@facebook.com', 'Facebook', 'Twitter', 1);

insert into Perfil (NombreCompleto, Sexo, Telefono, FechaNacimiento, Privado_Publico, Foto, UsuarioID) values ('Mary Hansen', 'Femenino', '8-(349)063-5485', '1997-06-15', 'Publico', 'suscipit ligula in.jpeg', 1);
insert into Perfil (NombreCompleto, Sexo, Telefono, FechaNacimiento, Privado_Publico, Foto, UsuarioID) values ('Daniel Day', 'Femenino', '9-(218)773-8780', '1970-08-02', 'Privado', 'lacinia.tiff', 2);
insert into Perfil (NombreCompleto, Sexo, Telefono, FechaNacimiento, Privado_Publico, Foto, UsuarioID) values ('Nicole Jones', 'Femenino', '6-(754)517-2505', '1981-07-09', 'Privado', 'gravida nisi.jpeg', 3);
insert into Perfil (NombreCompleto, Sexo, Telefono, FechaNacimiento, Privado_Publico, Foto, UsuarioID) values ('Doris Patterson', 'Masculino', '7-(710)562-7466', '1969-09-21', 'Publico', 'amet turpis.png', 4);
insert into Perfil (NombreCompleto, Sexo, Telefono, FechaNacimiento, Privado_Publico, Foto, UsuarioID) values ('Virginia Perez', 'Masculino', '0-(365)394-7343', '1983-07-15', 'Privado', 'duis bibendum.png', 5);
insert into Perfil (NombreCompleto, Sexo, Telefono, FechaNacimiento, Privado_Publico, Foto, UsuarioID) values ('Martin Jenkins', 'Femenino', '1-(261)632-3411', '1987-10-16', 'Privado', 'duis.png', 6);
insert into Perfil (NombreCompleto, Sexo, Telefono, FechaNacimiento, Privado_Publico, Foto, UsuarioID) values ('Kathleen Gray', 'Masculino', '2-(634)043-7617', '1980-07-04', 'Publico', 'nibh in.png', 7);
insert into Perfil (NombreCompleto, Sexo, Telefono, FechaNacimiento, Privado_Publico, Foto, UsuarioID) values ('Ryan Arnold', 'Femenino', '1-(083)159-9809', '1965-12-08', 'Privado', 'habitasse platea.gif', 8);
insert into Perfil (NombreCompleto, Sexo, Telefono, FechaNacimiento, Privado_Publico, Foto, UsuarioID) values ('Carolyn Porter', 'Femenino', '9-(277)651-2535', '1986-06-17', 'Publico', 'at lorem.tiff', 9);
insert into Perfil (NombreCompleto, Sexo, Telefono, FechaNacimiento, Privado_Publico, Foto, UsuarioID) values ('Cheryl Bishop', 'Femenino', '4-(043)368-6006', '1965-07-30', 'Publico', 'aliquet pulvinar.jpeg', 10);
insert into Perfil (NombreCompleto, Sexo, Telefono, FechaNacimiento, Privado_Publico, Foto, UsuarioID) values ('Nancy Chapman', 'Masculino', '4-(132)304-8862', '1960-08-02', 'Privado', 'ligula.png', 11);
insert into Perfil (NombreCompleto, Sexo, Telefono, FechaNacimiento, Privado_Publico, Foto, UsuarioID) values ('Carl Smith', 'Femenino', '1-(206)103-5898', '1980-07-12', 'Publico', 'eget.tiff', 12);
insert into Perfil (NombreCompleto, Sexo, Telefono, FechaNacimiento, Privado_Publico, Foto, UsuarioID) values ('Thomas Diaz', 'Masculino', '5-(973)898-8086', '1966-11-09', 'Publico', 'volutpat.gif', 13);
insert into Perfil (NombreCompleto, Sexo, Telefono, FechaNacimiento, Privado_Publico, Foto, UsuarioID) values ('Sean Warren', 'Masculino', '3-(061)417-5550', '1983-10-23', 'Privado', 'in lectus pellentesque.tiff', 14);
insert into Perfil (NombreCompleto, Sexo, Telefono, FechaNacimiento, Privado_Publico, Foto, UsuarioID) values ('Lillian Hansen', 'Masculino', '5-(685)557-6127', '1969-01-07', 'Privado', 'vestibulum sed magna.jpeg', 15);
insert into Perfil (NombreCompleto, Sexo, Telefono, FechaNacimiento, Privado_Publico, Foto, UsuarioID) values ('Brandon Spencer', 'Masculino', '7-(808)947-2865', '1962-01-25', 'Publico', 'nunc vestibulum.png', 16);
insert into Perfil (NombreCompleto, Sexo, Telefono, FechaNacimiento, Privado_Publico, Foto, UsuarioID) values ('Barbara Parker', 'Masculino', '7-(385)186-0915', '1990-08-15', 'Privado', 'posuere nonummy integer.tiff', 17);
insert into Perfil (NombreCompleto, Sexo, Telefono, FechaNacimiento, Privado_Publico, Foto, UsuarioID) values ('Jean Wright', 'Femenino', '2-(216)279-6492', '1976-11-10', 'Privado', 'parturient.png', 18);
insert into Perfil (NombreCompleto, Sexo, Telefono, FechaNacimiento, Privado_Publico, Foto, UsuarioID) values ('Harry Harvey', 'Masculino', '4-(917)314-7254', '1973-05-10', 'Privado', 'nunc viverra dapibus.tiff', 19);
insert into Perfil (NombreCompleto, Sexo, Telefono, FechaNacimiento, Privado_Publico, Foto, UsuarioID) values ('Sara Hicks', 'Femenino', '5-(628)970-5732', '1993-08-07', 'Publico', 'tincidunt eu felis.jpeg', 20);
insert into Perfil (NombreCompleto, Sexo, Telefono, FechaNacimiento, Privado_Publico, Foto, UsuarioID) values ('Sean Torres', 'Masculino', '2-(021)435-4382', '1987-05-30', 'Privado', 'volutpat.jpeg', 21);
insert into Perfil (NombreCompleto, Sexo, Telefono, FechaNacimiento, Privado_Publico, Foto, UsuarioID) values ('Arthur Simmons', 'Femenino', '1-(670)405-8812', '1984-10-16', 'Privado', 'tincidunt.jpeg', 22);
insert into Perfil (NombreCompleto, Sexo, Telefono, FechaNacimiento, Privado_Publico, Foto, UsuarioID) values ('Heather Bishop', 'Femenino', '3-(149)138-3939', '1974-03-24', 'Privado', 'sed tristique in.png', 23);
insert into Perfil (NombreCompleto, Sexo, Telefono, FechaNacimiento, Privado_Publico, Foto, UsuarioID) values ('Nancy Bradley', 'Masculino', '6-(261)527-4496', '1982-02-20', 'Privado', 'elit ac nulla.tiff', 24);
insert into Perfil (NombreCompleto, Sexo, Telefono, FechaNacimiento, Privado_Publico, Foto, UsuarioID) values ('Ruth Wright', 'Femenino', '6-(136)269-7836', '1985-01-07', 'Publico', 'ut.png', 25);
insert into Perfil (NombreCompleto, Sexo, Telefono, FechaNacimiento, Privado_Publico, Foto, UsuarioID) values ('Samuel Bennett', 'Femenino', '2-(213)443-4755', '1973-12-27', 'Publico', 'neque vestibulum eget.png', 26);
insert into Perfil (NombreCompleto, Sexo, Telefono, FechaNacimiento, Privado_Publico, Foto, UsuarioID) values ('Jean Cox', 'Femenino', '4-(300)999-2077', '1972-06-22', 'Privado', 'habitasse.jpeg', 27);
insert into Perfil (NombreCompleto, Sexo, Telefono, FechaNacimiento, Privado_Publico, Foto, UsuarioID) values ('Michelle Nichols', 'Masculino', '9-(461)787-0522', '1997-10-26', 'Privado', 'felis sed lacus.tiff', 28);
insert into Perfil (NombreCompleto, Sexo, Telefono, FechaNacimiento, Privado_Publico, Foto, UsuarioID) values ('Sandra Gonzales', 'Masculino', '3-(259)212-6151', '1983-02-08', 'Privado', 'elit sodales.tiff', 29);
insert into Perfil (NombreCompleto, Sexo, Telefono, FechaNacimiento, Privado_Publico, Foto, UsuarioID) values ('Aaron Shaw', 'Masculino', '9-(643)162-3228', '1960-12-07', 'Privado', 'viverra diam.jpeg', 30);
insert into Perfil (NombreCompleto, Sexo, Telefono, FechaNacimiento, Privado_Publico, Foto, UsuarioID) values ('Jimmy Fowler', 'Masculino', '6-(231)587-5424', '1994-06-20', 'Privado', 'quis libero nullam.png', 31);
insert into Perfil (NombreCompleto, Sexo, Telefono, FechaNacimiento, Privado_Publico, Foto, UsuarioID) values ('Helen Rogers', 'Masculino', '0-(742)993-3420', '1998-08-05', 'Privado', 'neque libero convallis.tiff', 32);
insert into Perfil (NombreCompleto, Sexo, Telefono, FechaNacimiento, Privado_Publico, Foto, UsuarioID) values ('Emily Thomas', 'Masculino', '1-(942)028-8934', '1972-03-25', 'Privado', 'semper rutrum.png', 33);
insert into Perfil (NombreCompleto, Sexo, Telefono, FechaNacimiento, Privado_Publico, Foto, UsuarioID) values ('Heather Romero', 'Masculino', '7-(173)320-5023', '1970-07-09', 'Privado', 'aliquam non mauris.png', 34);
insert into Perfil (NombreCompleto, Sexo, Telefono, FechaNacimiento, Privado_Publico, Foto, UsuarioID) values ('Jeffrey Young', 'Femenino', '2-(753)358-3599', '1980-11-26', 'Publico', 'justo sollicitudin.png', 35);
insert into Perfil (NombreCompleto, Sexo, Telefono, FechaNacimiento, Privado_Publico, Foto, UsuarioID) values ('Eric Carroll', 'Femenino', '7-(224)175-3391', '1979-01-17', 'Publico', 'vel dapibus at.jpeg', 36);
insert into Perfil (NombreCompleto, Sexo, Telefono, FechaNacimiento, Privado_Publico, Foto, UsuarioID) values ('Beverly Gordon', 'Femenino', '7-(656)145-7899', '1976-06-27', 'Publico', 'blandit.gif', 37);
insert into Perfil (NombreCompleto, Sexo, Telefono, FechaNacimiento, Privado_Publico, Foto, UsuarioID) values ('Shawn Meyer', 'Femenino', '1-(254)442-7522', '1968-12-13', 'Publico', 'vulputate ut.png', 38);
insert into Perfil (NombreCompleto, Sexo, Telefono, FechaNacimiento, Privado_Publico, Foto, UsuarioID) values ('Joe Howell', 'Femenino', '9-(240)605-9329', '1963-01-21', 'Privado', 'duis ac.tiff', 39);
insert into Perfil (NombreCompleto, Sexo, Telefono, FechaNacimiento, Privado_Publico, Foto, UsuarioID) values ('Helen Hanson', 'Masculino', '5-(090)739-8409', '1981-08-28', 'Privado', 'amet sem.png', 40);
insert into Perfil (NombreCompleto, Sexo, Telefono, FechaNacimiento, Privado_Publico, Foto, UsuarioID) values ('Roger Morales', 'Masculino', '7-(533)966-6228', '1970-09-14', 'Publico', 'felis.tiff', 41);
insert into Perfil (NombreCompleto, Sexo, Telefono, FechaNacimiento, Privado_Publico, Foto, UsuarioID) values ('Andrew Reed', 'Masculino', '3-(739)965-8841', '1999-02-23', 'Publico', 'amet.png', 42);
insert into Perfil (NombreCompleto, Sexo, Telefono, FechaNacimiento, Privado_Publico, Foto, UsuarioID) values ('Bonnie Bailey', 'Masculino', '9-(956)612-7849', '1975-01-08', 'Privado', 'aliquam convallis nunc.png', 43);
insert into Perfil (NombreCompleto, Sexo, Telefono, FechaNacimiento, Privado_Publico, Foto, UsuarioID) values ('Jane Coleman', 'Femenino', '3-(741)878-2460', '1973-03-15', 'Publico', 'cursus.tiff', 44);
insert into Perfil (NombreCompleto, Sexo, Telefono, FechaNacimiento, Privado_Publico, Foto, UsuarioID) values ('Scott Arnold', 'Masculino', '0-(498)638-2535', '1999-09-18', 'Privado', 'nascetur ridiculus.tiff', 45);
insert into Perfil (NombreCompleto, Sexo, Telefono, FechaNacimiento, Privado_Publico, Foto, UsuarioID) values ('Jason Kennedy', 'Masculino', '9-(282)473-5686', '1961-07-14', 'Publico', 'sapien in.tiff', 46);
insert into Perfil (NombreCompleto, Sexo, Telefono, FechaNacimiento, Privado_Publico, Foto, UsuarioID) values ('Juan Ross', 'Femenino', '4-(644)675-6089', '1971-10-21', 'Publico', 'nam dui.tiff', 47);
insert into Perfil (NombreCompleto, Sexo, Telefono, FechaNacimiento, Privado_Publico, Foto, UsuarioID) values ('Christopher James', 'Masculino', '3-(045)559-1306', '1973-04-07', 'Publico', 'at dolor.jpeg', 48);
insert into Perfil (NombreCompleto, Sexo, Telefono, FechaNacimiento, Privado_Publico, Foto, UsuarioID) values ('Lillian Bradley', 'Femenino', '5-(225)384-9595', '1983-10-05', 'Publico', 'diam.jpeg', 49);
insert into Perfil (NombreCompleto, Sexo, Telefono, FechaNacimiento, Privado_Publico, Foto, UsuarioID) values ('Diana Bishop', 'Femenino', '6-(186)242-5728', '1989-12-09', 'Privado', 'consequat varius integer.png', 50);
insert into Perfil (NombreCompleto, Sexo, Telefono, FechaNacimiento, Privado_Publico, Foto, UsuarioID) values ('Rebecca Martin', 'Femenino', '9-(456)144-4524', '1996-06-04', 'Publico', 'luctus tincidunt.tiff', 51);
insert into Perfil (NombreCompleto, Sexo, Telefono, FechaNacimiento, Privado_Publico, Foto, UsuarioID) values ('Eugene Riley', 'Masculino', '3-(672)709-6567', '1974-05-12', 'Publico', 'ligula sit amet.gif', 52);
insert into Perfil (NombreCompleto, Sexo, Telefono, FechaNacimiento, Privado_Publico, Foto, UsuarioID) values ('Ernest Medina', 'Femenino', '9-(164)958-6072', '1990-04-04', 'Privado', 'tempus vel.tiff', 53);
insert into Perfil (NombreCompleto, Sexo, Telefono, FechaNacimiento, Privado_Publico, Foto, UsuarioID) values ('Henry Sims', 'Masculino', '2-(648)812-3750', '1966-01-28', 'Privado', 'faucibus orci luctus.tiff', 54);
insert into Perfil (NombreCompleto, Sexo, Telefono, FechaNacimiento, Privado_Publico, Foto, UsuarioID) values ('Nicholas Willis', 'Masculino', '1-(618)382-8058', '1980-09-02', 'Privado', 'nam tristique tortor.tiff', 55);
insert into Perfil (NombreCompleto, Sexo, Telefono, FechaNacimiento, Privado_Publico, Foto, UsuarioID) values ('Linda Coleman', 'Masculino', '6-(373)008-2427', '1964-06-04', 'Privado', 'ligula vehicula consequat.gif', 56);
insert into Perfil (NombreCompleto, Sexo, Telefono, FechaNacimiento, Privado_Publico, Foto, UsuarioID) values ('Sarah Day', 'Masculino', '9-(289)465-4399', '1990-09-04', 'Publico', 'aenean.tiff', 57);
insert into Perfil (NombreCompleto, Sexo, Telefono, FechaNacimiento, Privado_Publico, Foto, UsuarioID) values ('Janet Fuller', 'Masculino', '1-(094)177-3191', '1992-04-18', 'Privado', 'dictumst etiam faucibus.png', 58);
insert into Perfil (NombreCompleto, Sexo, Telefono, FechaNacimiento, Privado_Publico, Foto, UsuarioID) values ('Brandon Graham', 'Femenino', '4-(453)362-8069', '1999-03-28', 'Privado', 'orci.png', 59);
insert into Perfil (NombreCompleto, Sexo, Telefono, FechaNacimiento, Privado_Publico, Foto, UsuarioID) values ('Amy Scott', 'Masculino', '4-(763)403-1022', '1969-02-06', 'Publico', 'sapien dignissim vestibulum.png', 60);
insert into Perfil (NombreCompleto, Sexo, Telefono, FechaNacimiento, Privado_Publico, Foto, UsuarioID) values ('Catherine Bowman', 'Masculino', '0-(123)048-6392', '1965-11-27', 'Publico', 'sapien dignissim vestibulum.jpeg', 61);
insert into Perfil (NombreCompleto, Sexo, Telefono, FechaNacimiento, Privado_Publico, Foto, UsuarioID) values ('Irene Garza', 'Masculino', '5-(977)952-3442', '1991-09-03', 'Privado', 'posuere nonummy integer.png', 62);
insert into Perfil (NombreCompleto, Sexo, Telefono, FechaNacimiento, Privado_Publico, Foto, UsuarioID) values ('Chris Gonzales', 'Masculino', '5-(956)794-5416', '1997-12-09', 'Privado', 'justo.jpeg', 63);
insert into Perfil (NombreCompleto, Sexo, Telefono, FechaNacimiento, Privado_Publico, Foto, UsuarioID) values ('Samuel Taylor', 'Masculino', '9-(706)818-2858', '1966-04-28', 'Privado', 'vestibulum proin eu.jpeg', 64);
insert into Perfil (NombreCompleto, Sexo, Telefono, FechaNacimiento, Privado_Publico, Foto, UsuarioID) values ('Judy Hunter', 'Masculino', '2-(847)460-8496', '1969-12-26', 'Publico', 'a libero.jpeg', 65);
insert into Perfil (NombreCompleto, Sexo, Telefono, FechaNacimiento, Privado_Publico, Foto, UsuarioID) values ('Brenda Perkins', 'Femenino', '9-(630)603-1572', '1971-07-10', 'Privado', 'sapien dignissim vestibulum.tiff', 66);
insert into Perfil (NombreCompleto, Sexo, Telefono, FechaNacimiento, Privado_Publico, Foto, UsuarioID) values ('Sean Schmidt', 'Masculino', '3-(857)086-9265', '1960-06-12', 'Publico', 'tellus nulla.jpeg', 67);
insert into Perfil (NombreCompleto, Sexo, Telefono, FechaNacimiento, Privado_Publico, Foto, UsuarioID) values ('Timothy Fisher', 'Masculino', '2-(225)046-1722', '1985-09-11', 'Publico', 'vel lectus.jpeg', 68);
insert into Perfil (NombreCompleto, Sexo, Telefono, FechaNacimiento, Privado_Publico, Foto, UsuarioID) values ('Juan Franklin', 'Femenino', '7-(970)848-6793', '1994-04-08', 'Publico', 'sit amet sem.gif', 69);
insert into Perfil (NombreCompleto, Sexo, Telefono, FechaNacimiento, Privado_Publico, Foto, UsuarioID) values ('Victor Hicks', 'Masculino', '5-(608)022-1558', '1985-10-12', 'Privado', 'laoreet.jpeg', 70);
insert into Perfil (NombreCompleto, Sexo, Telefono, FechaNacimiento, Privado_Publico, Foto, UsuarioID) values ('Cynthia Harvey', 'Masculino', '6-(765)087-6122', '1975-07-23', 'Publico', 'vestibulum.tiff', 71);
insert into Perfil (NombreCompleto, Sexo, Telefono, FechaNacimiento, Privado_Publico, Foto, UsuarioID) values ('Judy Harper', 'Masculino', '7-(457)596-2829', '1985-05-24', 'Privado', 'nisi venenatis.jpeg', 72);
insert into Perfil (NombreCompleto, Sexo, Telefono, FechaNacimiento, Privado_Publico, Foto, UsuarioID) values ('Wanda Mcdonald', 'Masculino', '1-(181)528-4945', '1977-01-10', 'Privado', 'sit.jpeg', 73);
insert into Perfil (NombreCompleto, Sexo, Telefono, FechaNacimiento, Privado_Publico, Foto, UsuarioID) values ('Phyllis Jenkins', 'Masculino', '6-(973)787-9416', '1987-02-21', 'Privado', 'rutrum nulla.jpeg', 74);
insert into Perfil (NombreCompleto, Sexo, Telefono, FechaNacimiento, Privado_Publico, Foto, UsuarioID) values ('Larry Peterson', 'Femenino', '7-(299)080-5348', '1975-02-25', 'Privado', 'ut ultrices vel.tiff', 75);
insert into Perfil (NombreCompleto, Sexo, Telefono, FechaNacimiento, Privado_Publico, Foto, UsuarioID) values ('Cheryl Jacobs', 'Femenino', '3-(799)482-1274', '1984-07-02', 'Privado', 'nunc donec quis.png', 76);
insert into Perfil (NombreCompleto, Sexo, Telefono, FechaNacimiento, Privado_Publico, Foto, UsuarioID) values ('Janice Richards', 'Femenino', '7-(469)151-6652', '1978-06-30', 'Publico', 'at.png', 77);
insert into Perfil (NombreCompleto, Sexo, Telefono, FechaNacimiento, Privado_Publico, Foto, UsuarioID) values ('Jessica Hayes', 'Femenino', '6-(801)295-4058', '1960-05-30', 'Publico', 'sed.jpeg', 78);
insert into Perfil (NombreCompleto, Sexo, Telefono, FechaNacimiento, Privado_Publico, Foto, UsuarioID) values ('Thomas Willis', 'Masculino', '8-(089)395-9146', '1960-10-16', 'Publico', 'ultrices aliquet maecenas.tiff', 79);
insert into Perfil (NombreCompleto, Sexo, Telefono, FechaNacimiento, Privado_Publico, Foto, UsuarioID) values ('Janice Coleman', 'Masculino', '7-(139)892-8815', '1971-01-26', 'Publico', 'ante vestibulum ante.gif', 80);
insert into Perfil (NombreCompleto, Sexo, Telefono, FechaNacimiento, Privado_Publico, Foto, UsuarioID) values ('Lori Barnes', 'Masculino', '0-(930)912-2445', '1960-06-06', 'Publico', 'turpis.png', 81);
insert into Perfil (NombreCompleto, Sexo, Telefono, FechaNacimiento, Privado_Publico, Foto, UsuarioID) values ('Steve Williamson', 'Femenino', '5-(581)394-9133', '1985-08-03', 'Privado', 'fringilla rhoncus.jpeg', 82);
insert into Perfil (NombreCompleto, Sexo, Telefono, FechaNacimiento, Privado_Publico, Foto, UsuarioID) values ('Nicole Weaver', 'Masculino', '9-(231)887-0409', '1986-01-12', 'Privado', 'eu.tiff', 83);
insert into Perfil (NombreCompleto, Sexo, Telefono, FechaNacimiento, Privado_Publico, Foto, UsuarioID) values ('Alan Cruz', 'Masculino', '0-(916)063-5898', '1994-02-02', 'Publico', 'eu.gif', 84);
insert into Perfil (NombreCompleto, Sexo, Telefono, FechaNacimiento, Privado_Publico, Foto, UsuarioID) values ('Betty Taylor', 'Masculino', '1-(382)847-8978', '1968-07-04', 'Privado', 'lacinia eget.gif', 85);
insert into Perfil (NombreCompleto, Sexo, Telefono, FechaNacimiento, Privado_Publico, Foto, UsuarioID) values ('Linda Mcdonald', 'Femenino', '4-(944)492-0052', '1994-09-25', 'Privado', 'tincidunt nulla.tiff', 86);
insert into Perfil (NombreCompleto, Sexo, Telefono, FechaNacimiento, Privado_Publico, Foto, UsuarioID) values ('Patrick Larson', 'Masculino', '7-(613)275-7261', '1992-06-30', 'Publico', 'pede venenatis.tiff', 87);
insert into Perfil (NombreCompleto, Sexo, Telefono, FechaNacimiento, Privado_Publico, Foto, UsuarioID) values ('Eric Long', 'Femenino', '7-(512)384-2295', '1972-02-16', 'Privado', 'interdum mauris ullamcorper.png', 88);
insert into Perfil (NombreCompleto, Sexo, Telefono, FechaNacimiento, Privado_Publico, Foto, UsuarioID) values ('James Mason', 'Masculino', '7-(303)443-0358', '1999-07-17', 'Privado', 'ornare consequat.jpeg', 89);
insert into Perfil (NombreCompleto, Sexo, Telefono, FechaNacimiento, Privado_Publico, Foto, UsuarioID) values ('Ashley Gray', 'Masculino', '2-(895)527-8208', '1969-09-04', 'Publico', 'enim in.tiff', 90);
insert into Perfil (NombreCompleto, Sexo, Telefono, FechaNacimiento, Privado_Publico, Foto, UsuarioID) values ('Lillian Ramos', 'Femenino', '4-(779)994-9517', '1966-12-03', 'Publico', 'praesent.jpeg', 91);
insert into Perfil (NombreCompleto, Sexo, Telefono, FechaNacimiento, Privado_Publico, Foto, UsuarioID) values ('Antonio Murphy', 'Femenino', '3-(788)348-3003', '1983-12-05', 'Privado', 'condimentum curabitur in.jpeg', 92);
insert into Perfil (NombreCompleto, Sexo, Telefono, FechaNacimiento, Privado_Publico, Foto, UsuarioID) values ('James Dean', 'Femenino', '4-(620)224-6019', '1991-06-09', 'Publico', 'quisque.tiff', 93);
insert into Perfil (NombreCompleto, Sexo, Telefono, FechaNacimiento, Privado_Publico, Foto, UsuarioID) values ('Kathleen Wells', 'Femenino', '0-(749)005-0555', '1971-08-25', 'Privado', 'ut nulla sed.gif', 94);
insert into Perfil (NombreCompleto, Sexo, Telefono, FechaNacimiento, Privado_Publico, Foto, UsuarioID) values ('Wayne Graham', 'Femenino', '8-(233)561-2609', '1963-05-23', 'Publico', 'nunc vestibulum ante.tiff', 95);
insert into Perfil (NombreCompleto, Sexo, Telefono, FechaNacimiento, Privado_Publico, Foto, UsuarioID) values ('Jesse Cruz', 'Masculino', '7-(059)449-7561', '1999-07-16', 'Publico', 'interdum mauris non.png', 96);
insert into Perfil (NombreCompleto, Sexo, Telefono, FechaNacimiento, Privado_Publico, Foto, UsuarioID) values ('Justin Simmons', 'Femenino', '0-(205)513-7959', '1988-10-03', 'Privado', 'dui nec.gif', 97);
insert into Perfil (NombreCompleto, Sexo, Telefono, FechaNacimiento, Privado_Publico, Foto, UsuarioID) values ('Henry Meyer', 'Femenino', '0-(357)126-9330', '1977-07-18', 'Publico', 'nullam orci.gif', 98);
insert into Perfil (NombreCompleto, Sexo, Telefono, FechaNacimiento, Privado_Publico, Foto, UsuarioID) values ('Bruce Elliott', 'Femenino', '7-(702)824-3969', '1992-07-27', 'Privado', 'rhoncus.png', 99);
insert into Perfil (NombreCompleto, Sexo, Telefono, FechaNacimiento, Privado_Publico, Foto, UsuarioID) values ('Jessica Oliver', 'Masculino', '2-(636)379-7844', '1975-02-28', 'Publico', 'ut ultrices.tiff', 100);
insert into Perfil (NombreCompleto, Sexo, Telefono, FechaNacimiento, Privado_Publico, Foto, UsuarioID) values ('Catherine Hansen', 'Femenino', '8-(879)971-4665', '1995-04-27', 'Publico', 'purus aliquet at.tiff', 101);
insert into Perfil (NombreCompleto, Sexo, Telefono, FechaNacimiento, Privado_Publico, Foto, UsuarioID) values ('Randy Carr', 'Masculino', '0-(441)019-7046', '1960-11-14', 'Publico', 'volutpat.jpeg', 102);
insert into Perfil (NombreCompleto, Sexo, Telefono, FechaNacimiento, Privado_Publico, Foto, UsuarioID) values ('Ruth Fuller', 'Femenino', '4-(600)833-5807', '1984-10-17', 'Publico', 'quis turpis eget.png', 103);
insert into Perfil (NombreCompleto, Sexo, Telefono, FechaNacimiento, Privado_Publico, Foto, UsuarioID) values ('Jeremy Porter', 'Femenino', '3-(554)416-7779', '1997-08-02', 'Publico', 'vitae consectetuer.jpeg', 104);
insert into Perfil (NombreCompleto, Sexo, Telefono, FechaNacimiento, Privado_Publico, Foto, UsuarioID) values ('Eric Bailey', 'Masculino', '1-(762)217-4611', '1987-01-16', 'Publico', 'neque.tiff', 105);
insert into Perfil (NombreCompleto, Sexo, Telefono, FechaNacimiento, Privado_Publico, Foto, UsuarioID) values ('David Bishop', 'Femenino', '4-(099)616-4744', '1964-12-14', 'Publico', 'quam pede lobortis.tiff', 106);
insert into Perfil (NombreCompleto, Sexo, Telefono, FechaNacimiento, Privado_Publico, Foto, UsuarioID) values ('Deborah Evans', 'Masculino', '1-(264)028-5563', '1973-04-22', 'Privado', 'ut.tiff', 107);
insert into Perfil (NombreCompleto, Sexo, Telefono, FechaNacimiento, Privado_Publico, Foto, UsuarioID) values ('Lillian Clark', 'Masculino', '0-(888)890-7281', '1986-01-14', 'Privado', 'sociis natoque.jpeg', 108);
insert into Perfil (NombreCompleto, Sexo, Telefono, FechaNacimiento, Privado_Publico, Foto, UsuarioID) values ('Benjamin Long', 'Masculino', '8-(213)205-5533', '1980-08-07', 'Privado', 'convallis nunc proin.jpeg', 109);
insert into Perfil (NombreCompleto, Sexo, Telefono, FechaNacimiento, Privado_Publico, Foto, UsuarioID) values ('Steve Carter', 'Masculino', '0-(047)255-4260', '1966-03-01', 'Publico', 'nibh in quis.gif', 110);
insert into Perfil (NombreCompleto, Sexo, Telefono, FechaNacimiento, Privado_Publico, Foto, UsuarioID) values ('Ralph Hayes', 'Femenino', '9-(680)299-4119', '1999-03-09', 'Privado', 'donec.png', 111);
insert into Perfil (NombreCompleto, Sexo, Telefono, FechaNacimiento, Privado_Publico, Foto, UsuarioID) values ('Robin Ross', 'Femenino', '9-(232)615-1843', '1961-08-15', 'Publico', 'lacus purus aliquet.tiff', 112);
insert into Perfil (NombreCompleto, Sexo, Telefono, FechaNacimiento, Privado_Publico, Foto, UsuarioID) values ('Jonathan Bowman', 'Femenino', '2-(620)450-2099', '1971-04-03', 'Publico', 'felis.gif', 113);
insert into Perfil (NombreCompleto, Sexo, Telefono, FechaNacimiento, Privado_Publico, Foto, UsuarioID) values ('Steven Gibson', 'Femenino', '4-(059)452-0026', '1967-07-29', 'Publico', 'volutpat sapien.png', 114);
insert into Perfil (NombreCompleto, Sexo, Telefono, FechaNacimiento, Privado_Publico, Foto, UsuarioID) values ('Justin Burton', 'Masculino', '6-(186)897-8222', '1980-09-08', 'Publico', 'pellentesque quisque.png', 115);
insert into Perfil (NombreCompleto, Sexo, Telefono, FechaNacimiento, Privado_Publico, Foto, UsuarioID) values ('Kenneth Ortiz', 'Masculino', '1-(122)833-1519', '1980-01-25', 'Privado', 'augue quam.gif', 116);
insert into Perfil (NombreCompleto, Sexo, Telefono, FechaNacimiento, Privado_Publico, Foto, UsuarioID) values ('Benjamin Lewis', 'Femenino', '2-(383)964-4284', '1971-11-01', 'Privado', 'dictumst morbi.jpeg', 117);
insert into Perfil (NombreCompleto, Sexo, Telefono, FechaNacimiento, Privado_Publico, Foto, UsuarioID) values ('Russell Griffin', 'Femenino', '1-(868)481-8087', '1976-03-15', 'Privado', 'aliquam.png', 118);
insert into Perfil (NombreCompleto, Sexo, Telefono, FechaNacimiento, Privado_Publico, Foto, UsuarioID) values ('Marie Sanders', 'Masculino', '4-(069)826-3740', '1987-12-22', 'Privado', 'metus sapien.gif', 119);
insert into Perfil (NombreCompleto, Sexo, Telefono, FechaNacimiento, Privado_Publico, Foto, UsuarioID) values ('Howard Fields', 'Femenino', '0-(591)399-9753', '1971-04-21', 'Privado', 'et commodo vulputate.png', 120);

insert into Publicacion (ID, Contenido) values (1, 'Vestibulum ac est lacinia nisi venenatis tristique. Fusce arcu sed augue.');
insert into Publicacion (ID, Contenido) values (2, 'Curabitur in libero ut massa volutpat convallis.');
insert into Publicacion (ID, Contenido) values (3, 'Nulla ut erat id mauris vulputate elementum. Nullam varius.');
insert into Publicacion (ID, Contenido) values (4, 'Proin at turpis a pede posuere nonummy. Integer non velit.');
insert into Publicacion (ID, Contenido) values (5, 'Nunc rhoncus dui vel sem.');
insert into Publicacion (ID, Contenido) values (6, 'Morbi non lectus. Aliquam sit amet diam in magna bibendum imperdiet.');
insert into Publicacion (ID, Contenido) values (7, 'Curabitur in libero ut massa volutpat convallis.');
insert into Publicacion (ID, Contenido) values (8, 'Donec vitae nisi. Nam ultrices, libero non mattis pulvinar, a suscipit nulla elit ac nulla.');
insert into Publicacion (ID, Contenido) values (9, 'Quisque porta volutpat erat.');
insert into Publicacion (ID, Contenido) values (10, 'Lorem ipsum dolor sit amet, consectetuer adipiscing elit. Proin ligula pellentesque ultrices.');
insert into Publicacion (ID, Contenido) values (11, 'Mauris lacinia sapien quis libero. Nullam sit amet turpis elementum ligula vehicula consequat.');
insert into Publicacion (ID, Contenido) values (12, 'Nunc purus.');
insert into Publicacion (ID, Contenido) values (13, 'Ut at dolor quis odio consequat varius. Integer ac leo.');
insert into Publicacion (ID, Contenido) values (14, 'Duis mattis egestas metus.');
insert into Publicacion (ID, Contenido) values (15, 'Integer tincidunt ante vel ipsum. Praesent blandit lacinia erat.');
insert into Publicacion (ID, Contenido) values (16, 'Maecenas tincidunt lacus at velit. Vivamus vel nulla eget eros elementum pellentesque.');
insert into Publicacion (ID, Contenido) values (17, 'Nunc nisl. Duis bibendum, venenatis, turpis enim blandit mi, in porttitor pede justo eu massa.');
insert into Publicacion (ID, Contenido) values (18, 'Morbi quis tortor id nulla ultrices aliquet.');
insert into Publicacion (ID, Contenido) values (19, 'Morbi odio odio, elementum eu, interdum eu, tincidunt in, leo. Maecenas pulvinar lobortis est.');
insert into Publicacion (ID, Contenido) values (20, 'Donec quis orci eget orci vehicula condimentum.');

insert into Publica (Fecha, UsuarioID, PublicacionID) values ('2015-01-18', 52, 1);
insert into Publica (Fecha, UsuarioID, PublicacionID) values ('2015-01-21', 21, 2);
insert into Publica (Fecha, UsuarioID, PublicacionID) values ('2015-02-03', 21, 3);
insert into Publica (Fecha, UsuarioID, PublicacionID) values ('2015-02-22', 71, 4);
insert into Publica (Fecha, UsuarioID, PublicacionID) values ('2015-06-01', 21, 5);
insert into Publica (Fecha, UsuarioID, PublicacionID) values ('2015-03-07', 21, 6);
insert into Publica (Fecha, UsuarioID, PublicacionID) values ('2015-01-28', 13, 7);
insert into Publica (Fecha, UsuarioID, PublicacionID) values ('2015-06-14', 21, 8);
insert into Publica (Fecha, UsuarioID, PublicacionID) values ('2015-01-16', 13, 9);
insert into Publica (Fecha, UsuarioID, PublicacionID) values ('2015-02-02', 21, 10);
insert into Publica (Fecha, UsuarioID, PublicacionID) values ('2015-05-20', 21, 11);
insert into Publica (Fecha, UsuarioID, PublicacionID) values ('2015-05-16', 52, 12);
insert into Publica (Fecha, UsuarioID, PublicacionID) values ('2015-03-10', 71, 13);
insert into Publica (Fecha, UsuarioID, PublicacionID) values ('2015-04-27', 71, 14);
insert into Publica (Fecha, UsuarioID, PublicacionID) values ('2015-06-28', 52, 15);
insert into Publica (Fecha, UsuarioID, PublicacionID) values ('2015-04-12', 71, 16);
insert into Publica (Fecha, UsuarioID, PublicacionID) values ('2015-03-17', 52, 17);
insert into Publica (Fecha, UsuarioID, PublicacionID) values ('2015-04-10', 21, 18);
insert into Publica (Fecha, UsuarioID, PublicacionID) values ('2015-05-24', 71, 19);
insert into Publica (Fecha, UsuarioID, PublicacionID) values ('2015-06-24', 21, 20);

insert into Comenta (UsuarioID1, UsuarioID2, PublicacionID) values (71, 100, 16);
insert into Comenta (UsuarioID1, UsuarioID2, PublicacionID) values (21, 116, 11);
insert into Comenta (UsuarioID1, UsuarioID2, PublicacionID) values (52, 6, 15);
insert into Comenta (UsuarioID1, UsuarioID2, PublicacionID) values (21, 103, 11);
insert into Comenta (UsuarioID1, UsuarioID2, PublicacionID) values (52, 102, 1);
insert into Comenta (UsuarioID1, UsuarioID2, PublicacionID) values (13, 93, 7);
insert into Comenta (UsuarioID1, UsuarioID2, PublicacionID) values (71, 75, 13);
insert into Comenta (UsuarioID1, UsuarioID2, PublicacionID) values (21, 53, 10);
insert into Comenta (UsuarioID1, UsuarioID2, PublicacionID) values (13, 59, 7);
insert into Comenta (UsuarioID1, UsuarioID2, PublicacionID) values (71, 54, 14);
insert into Comenta (UsuarioID1, UsuarioID2, PublicacionID) values (21, 25, 20);
insert into Comenta (UsuarioID1, UsuarioID2, PublicacionID) values (71, 90, 13);
insert into Comenta (UsuarioID1, UsuarioID2, PublicacionID) values (21, 9, 11);
insert into Comenta (UsuarioID1, UsuarioID2, PublicacionID) values (13, 2, 7);
insert into Comenta (UsuarioID1, UsuarioID2, PublicacionID) values (71, 39, 14);
insert into Comenta (UsuarioID1, UsuarioID2, PublicacionID) values (21, 58, 6);
insert into Comenta (UsuarioID1, UsuarioID2, PublicacionID) values (21, 89, 18);
insert into Comenta (UsuarioID1, UsuarioID2, PublicacionID) values (21, 90, 10);
insert into Comenta (UsuarioID1, UsuarioID2, PublicacionID) values (71, 8, 4);
insert into Comenta (UsuarioID1, UsuarioID2, PublicacionID) values (21, 68, 18);
insert into Comenta (UsuarioID1, UsuarioID2, PublicacionID) values (21, 90, 11);
insert into Comenta (UsuarioID1, UsuarioID2, PublicacionID) values (71, 23, 14);
insert into Comenta (UsuarioID1, UsuarioID2, PublicacionID) values (21, 90, 8);
insert into Comenta (UsuarioID1, UsuarioID2, PublicacionID) values (21, 111, 2);
insert into Comenta (UsuarioID1, UsuarioID2, PublicacionID) values (21, 49, 18);
insert into Comenta (UsuarioID1, UsuarioID2, PublicacionID) values (21, 65, 18);
insert into Comenta (UsuarioID1, UsuarioID2, PublicacionID) values (71, 29, 14);
insert into Comenta (UsuarioID1, UsuarioID2, PublicacionID) values (71, 112, 19);
insert into Comenta (UsuarioID1, UsuarioID2, PublicacionID) values (71, 100, 4);
insert into Comenta (UsuarioID1, UsuarioID2, PublicacionID) values (21, 106, 3);

insert into Contacto (UsuarioID1, UsuarioID2, Tipo) values (115, 67, 'Trabajo');
insert into Contacto (UsuarioID1, UsuarioID2, Tipo) values (114, 39, 'Familia');
insert into Contacto (UsuarioID1, UsuarioID2, Tipo) values (90, 64, 'Trabajo');
insert into Contacto (UsuarioID1, UsuarioID2, Tipo) values (25, 102, 'Familia');
insert into Contacto (UsuarioID1, UsuarioID2, Tipo) values (36, 62, 'Amigo');
insert into Contacto (UsuarioID1, UsuarioID2, Tipo) values (90, 85, 'Amigo');
insert into Contacto (UsuarioID1, UsuarioID2, Tipo) values (67, 110, 'Familia');
insert into Contacto (UsuarioID1, UsuarioID2, Tipo) values (5, 91, 'Familia');
insert into Contacto (UsuarioID1, UsuarioID2, Tipo) values (41, 98, 'Familia');
insert into Contacto (UsuarioID1, UsuarioID2, Tipo) values (26, 18, 'Familia');
insert into Contacto (UsuarioID1, UsuarioID2, Tipo) values (94, 23, 'Familia');
insert into Contacto (UsuarioID1, UsuarioID2, Tipo) values (112, 84, 'Amigo');
insert into Contacto (UsuarioID1, UsuarioID2, Tipo) values (70, 37, 'Familia');
insert into Contacto (UsuarioID1, UsuarioID2, Tipo) values (112, 40, 'Trabajo');
insert into Contacto (UsuarioID1, UsuarioID2, Tipo) values (72, 101, 'Familia');
insert into Contacto (UsuarioID1, UsuarioID2, Tipo) values (41, 62, 'Trabajo');
insert into Contacto (UsuarioID1, UsuarioID2, Tipo) values (37, 89, 'Trabajo');
insert into Contacto (UsuarioID1, UsuarioID2, Tipo) values (72, 62, 'Familia');
insert into Contacto (UsuarioID1, UsuarioID2, Tipo) values (113, 115, 'Trabajo');
insert into Contacto (UsuarioID1, UsuarioID2, Tipo) values (35, 14, 'Trabajo');
insert into Contacto (UsuarioID1, UsuarioID2, Tipo) values (75, 15, 'Trabajo');
insert into Contacto (UsuarioID1, UsuarioID2, Tipo) values (97, 52, 'Amigo');
insert into Contacto (UsuarioID1, UsuarioID2, Tipo) values (96, 47, 'Trabajo');
insert into Contacto (UsuarioID1, UsuarioID2, Tipo) values (41, 95, 'Trabajo');
insert into Contacto (UsuarioID1, UsuarioID2, Tipo) values (37, 4, 'Familia');
insert into Contacto (UsuarioID1, UsuarioID2, Tipo) values (30, 35, 'Trabajo');
insert into Contacto (UsuarioID1, UsuarioID2, Tipo) values (86, 108, 'Familia');
insert into Contacto (UsuarioID1, UsuarioID2, Tipo) values (90, 120, 'Amigo');
insert into Contacto (UsuarioID1, UsuarioID2, Tipo) values (112, 24, 'Amigo');
insert into Contacto (UsuarioID1, UsuarioID2, Tipo) values (85, 109, 'Familia');
insert into Contacto (UsuarioID1, UsuarioID2, Tipo) values (1, 2, 'Familia');
insert into Contacto (UsuarioID1, UsuarioID2, Tipo) values (3, 1, 'Familia');
insert into Contacto (UsuarioID1, UsuarioID2, Tipo) values (1, 4, 'Trabajo');
insert into Contacto (UsuarioID1, UsuarioID2, Tipo) values (5, 1, 'Familia');
insert into Contacto (UsuarioID1, UsuarioID2, Tipo) values (1, 6, 'Trabajo');
insert into Contacto (UsuarioID1, UsuarioID2, Tipo) values (7, 1, 'Familia');
insert into Contacto (UsuarioID1, UsuarioID2, Tipo) values (1, 8, 'Amigo');
insert into Contacto (UsuarioID1, UsuarioID2, Tipo) values (9, 1, 'Familia');
insert into Contacto (UsuarioID1, UsuarioID2, Tipo) values (10, 1, 'Familia');
insert into Contacto (UsuarioID1, UsuarioID2, Tipo) values (11, 1, 'Familia');
insert into Contacto (UsuarioID1, UsuarioID2, Tipo) values (3, 2, 'Familia');
insert into Contacto (UsuarioID1, UsuarioID2, Tipo) values (3, 4, 'Amigo');
insert into Contacto (UsuarioID1, UsuarioID2, Tipo) values (3, 5, 'Amigo');
insert into Contacto (UsuarioID1, UsuarioID2, Tipo) values (6, 3, 'Familia');
insert into Contacto (UsuarioID1, UsuarioID2, Tipo) values (7, 3, 'Familia');
insert into Contacto (UsuarioID1, UsuarioID2, Tipo) values (8, 3, 'Familia');
insert into Contacto (UsuarioID1, UsuarioID2, Tipo) values (9, 3, 'Familia');
insert into Contacto (UsuarioID1, UsuarioID2, Tipo) values (3, 10, 'Trabajo');
insert into Contacto (UsuarioID1, UsuarioID2, Tipo) values (3, 11, 'Amigo');
insert into Contacto (UsuarioID1, UsuarioID2, Tipo) values (3, 12, 'Familia');
insert into Contacto (UsuarioID1, UsuarioID2, Tipo) values (1, 3, 'Trabajo');

insert into Chat (UsuarioID1, UsuarioID2, Fecha, Contenido) values (6, 7, '2015-02-23', 'Proin leo odio, porttitor MySQL id, consequat in, nulla.');
insert into Chat (UsuarioID1, UsuarioID2, Fecha, Contenido) values (6, 7, '2015-01-01', 'Nut loa in MySQL');
insert into Chat (UsuarioID1, UsuarioID2, Fecha, Contenido) values (7, 6, '2015-04-16', 'Curabitur gravida MySQL nisi at nibh.');
insert into Chat (UsuarioID1, UsuarioID2, Fecha, Contenido) values (7, 6, '2015-04-11', 'Sed vel enim MySQL sit amet nunc viverra dapibus.');
insert into Chat (UsuarioID1, UsuarioID2, Fecha, Contenido) values (7, 6, '2015-04-28', 'Nunc apibus vel.');
insert into Chat (UsuarioID1, UsuarioID2, Fecha, Contenido) values (91, 4, '2015-03-23', 'Cras in purus eu magna vulputate luctus. Cum sociis natoque penatibus et magnis dis parturient montes, nascetur ridiculus mus.');
insert into Chat (UsuarioID1, UsuarioID2, Fecha, Contenido) values (44, 81, '2015-02-24', 'Nulla neque libero, convallis eget, eleifend luctus, ultricies eu, nibh.');
insert into Chat (UsuarioID1, UsuarioID2, Fecha, Contenido) values (116, 10, '2015-02-15', 'Aliquam non mauris.');
insert into Chat (UsuarioID1, UsuarioID2, Fecha, Contenido) values (93, 114, '2015-06-17', 'Proin leo odio, porttitor id, consequat in, consequat ut, nulla.');
insert into Chat (UsuarioID1, UsuarioID2, Fecha, Contenido) values (23, 84, '2015-05-15', 'Morbi non quam nec dui luctus rutrum.');
insert into Chat (UsuarioID1, UsuarioID2, Fecha, Contenido) values (13, 106, '2015-05-30', 'Curabitur gravida nisi at nibh.');
insert into Chat (UsuarioID1, UsuarioID2, Fecha, Contenido) values (10, 88, '2015-01-10', 'Phasellus in felis.');

insert into Multimedia (Codigo, Titulo, NombreArchivo, Descripcion, Fecha, Tipo, Formato, Resolucion, Duracion) values (1, 'nascetur', 'odio.jpeg', '#Like4Like', '2015-02-12', 'Foto', 'image/pjpeg', null, null);
insert into Multimedia (Codigo, Titulo, NombreArchivo, Descripcion, Fecha, Tipo, Formato, Resolucion, Duracion) values (2, 'sollicitudin', 'velit.tiff', 'odio', '2015-02-18', 'Foto', 'image/tiff', null, null);
insert into Multimedia (Codigo, Titulo, NombreArchivo, Descripcion, Fecha, Tipo, Formato, Resolucion, Duracion) values (3, 'in', 'vestibulum proin eu.tiff', '#CopaAmerica', '2015-04-13', 'Foto', 'image/x-tiff', null, null);
insert into Multimedia (Codigo, Titulo, NombreArchivo, Descripcion, Fecha, Tipo, Formato, Resolucion, Duracion) values (4, 'turpis', 'eget rutrum.tiff', 'consectetuer', '2015-02-01', 'Foto', 'image/tiff', null, null);
insert into Multimedia (Codigo, Titulo, NombreArchivo, Descripcion, Fecha, Tipo, Formato, Resolucion, Duracion) values (5, 'pulvinar', 'in magna bibendum.jpeg', '#CopaAmerica', '2015-05-10', 'Foto', 'image/pjpeg', null, null);
insert into Multimedia (Codigo, Titulo, NombreArchivo, Descripcion, Fecha, Tipo, Formato, Resolucion, Duracion) values (6, 'nullam', 'dui maecenas tristique.jpeg', 'justo in hac habitasse', '2015-03-03', 'Foto', 'image/pjpeg', null, null);
insert into Multimedia (Codigo, Titulo, NombreArchivo, Descripcion, Fecha, Tipo, Formato, Resolucion, Duracion) values (7, 'ligula', 'ut odio.tiff', 'purus eu magna vulputate', '2015-03-07', 'Foto', 'image/x-tiff', null, null);
insert into Multimedia (Codigo, Titulo, NombreArchivo, Descripcion, Fecha, Tipo, Formato, Resolucion, Duracion) values (8, 'id', 'nulla elit ac.jpeg', 'ut mauris eget', '2015-04-17', 'Foto', 'image/jpeg', null, null);
insert into Multimedia (Codigo, Titulo, NombreArchivo, Descripcion, Fecha, Tipo, Formato, Resolucion, Duracion) values (9, 'aliquet', 'eget.jpeg', 'odio donec vitae', '2015-01-06', 'Foto', 'image/pjpeg', null, null);
insert into Multimedia (Codigo, Titulo, NombreArchivo, Descripcion, Fecha, Tipo, Formato, Resolucion, Duracion) values (10, 'ridiculus', 'id consequat in.jpeg', '#Like4Like', '2015-02-04', 'Foto', 'image/pjpeg', null, null);
insert into Multimedia (Codigo, Titulo, NombreArchivo, Descripcion, Fecha, Tipo, Formato, Resolucion, Duracion) values (11, 'luctus', 'pulvinar.avi', 'lectus', '2014-03-02', 'Video', null, '#280', '3:28');
insert into Multimedia (Codigo, Titulo, NombreArchivo, Descripcion, Fecha, Tipo, Formato, Resolucion, Duracion) values (12, 'mattis', 'ante ipsum primis.mpeg', 'interdum mauris non', '2014-01-11', 'Video', null, '#056', '12:24');
insert into Multimedia (Codigo, Titulo, NombreArchivo, Descripcion, Fecha, Tipo, Formato, Resolucion, Duracion) values (13, 'quis', 'convallis nunc proin.mp3', 'imperdiet et commodo vulputate', '2014-03-18', 'Video', null, '#eed', '11:17');
insert into Multimedia (Codigo, Titulo, NombreArchivo, Descripcion, Fecha, Tipo, Formato, Resolucion, Duracion) values (14, 'erat', 'praesent blandit.avi', 'curae donec pharetra', '2014-02-25', 'Video', null, '#a77', '19:16');
insert into Multimedia (Codigo, Titulo, NombreArchivo, Descripcion, Fecha, Tipo, Formato, Resolucion, Duracion) values (15, 'sit', 'amet nunc viverra.avi', 'ultrices enim lorem', '2015-06-21', 'Video', null, '#16c', '20:36');
insert into Multimedia (Codigo, Titulo, NombreArchivo, Descripcion, Fecha, Tipo, Formato, Resolucion, Duracion) values (16, 'at', 'volutpat in.avi', '#Like4Like', '2014-02-06', 'Video', null, '#1a5', '18:06');
insert into Multimedia (Codigo, Titulo, NombreArchivo, Descripcion, Fecha, Tipo, Formato, Resolucion, Duracion) values (17, 'porttitor', 'rhoncus aliquet.mp3', '#NoFilter', '2015-06-01', 'Video', 'video/mpeg', '#dce', '9:25');
insert into Multimedia (Codigo, Titulo, NombreArchivo, Descripcion, Fecha, Tipo, Formato, Resolucion, Duracion) values (18, 'nulla', 'ultricies eu nibh.mpeg', 'quam turpis', '2014-03-18', 'Video', null, '#717', '6:47');
insert into Multimedia (Codigo, Titulo, NombreArchivo, Descripcion, Fecha, Tipo, Formato, Resolucion, Duracion) values (19, 'quis', 'sapien.avi', 'pede justo', '2014-06-12', 'Video', null, '#359', '11:15');
insert into Multimedia (Codigo, Titulo, NombreArchivo, Descripcion, Fecha, Tipo, Formato, Resolucion, Duracion) values (20, 'maecenas', 'nunc.mp3', 'turpis eget elit', '2014-05-06', 'Video', null, '#a6a', '20:20');

insert into Galeria (MultimediaCodigo, UsuarioID) values (1, 52);
insert into Galeria (MultimediaCodigo, UsuarioID) values (2, 21);
insert into Galeria (MultimediaCodigo, UsuarioID) values (3, 21);
insert into Galeria (MultimediaCodigo, UsuarioID) values (4, 71);
insert into Galeria (MultimediaCodigo, UsuarioID) values (5, 21);
insert into Galeria (MultimediaCodigo, UsuarioID) values (6, 21);
insert into Galeria (MultimediaCodigo, UsuarioID) values (7, 13);
insert into Galeria (MultimediaCodigo, UsuarioID) values (8, 21);
insert into Galeria (MultimediaCodigo, UsuarioID) values (9, 13);
insert into Galeria (MultimediaCodigo, UsuarioID) values (10, 21);
insert into Galeria (MultimediaCodigo, UsuarioID) values (11, 21);
insert into Galeria (MultimediaCodigo, UsuarioID) values (12, 52);
insert into Galeria (MultimediaCodigo, UsuarioID) values (13, 71);
insert into Galeria (MultimediaCodigo, UsuarioID) values (14, 71);
insert into Galeria (MultimediaCodigo, UsuarioID) values (15, 52);
insert into Galeria (MultimediaCodigo, UsuarioID) values (16, 71);
insert into Galeria (MultimediaCodigo, UsuarioID) values (17, 52);
insert into Galeria (MultimediaCodigo, UsuarioID) values (18, 21);
insert into Galeria (MultimediaCodigo, UsuarioID) values (19, 71);
insert into Galeria (MultimediaCodigo, UsuarioID) values (20, 21);

insert into Contiene (MultimediaCodigo, PublicacionID, TodoPublico) values (1, 1, 'Si');
insert into Contiene (MultimediaCodigo, PublicacionID, TodoPublico) values (2, 2, 'No');
insert into Contiene (MultimediaCodigo, PublicacionID, TodoPublico) values (3, 3, 'No');
insert into Contiene (MultimediaCodigo, PublicacionID, TodoPublico) values (4, 4, 'Si');
insert into Contiene (MultimediaCodigo, PublicacionID, TodoPublico) values (5, 5, 'No');
insert into Contiene (MultimediaCodigo, PublicacionID, TodoPublico) values (6, 6, 'No');
insert into Contiene (MultimediaCodigo, PublicacionID, TodoPublico) values (7, 7, 'Si');
insert into Contiene (MultimediaCodigo, PublicacionID, TodoPublico) values (8, 8, 'No');
insert into Contiene (MultimediaCodigo, PublicacionID, TodoPublico) values (9, 9, 'No');
insert into Contiene (MultimediaCodigo, PublicacionID, TodoPublico) values (10, 10, 'No');
insert into Contiene (MultimediaCodigo, PublicacionID, TodoPublico) values (11, 11, 'Si');
insert into Contiene (MultimediaCodigo, PublicacionID, TodoPublico) values (12, 12, 'No');
insert into Contiene (MultimediaCodigo, PublicacionID, TodoPublico) values (13, 13, 'No');
insert into Contiene (MultimediaCodigo, PublicacionID, TodoPublico) values (14, 14, 'No');
insert into Contiene (MultimediaCodigo, PublicacionID, TodoPublico) values (15, 15, 'No');
insert into Contiene (MultimediaCodigo, PublicacionID, TodoPublico) values (16, 16, 'Si');
insert into Contiene (MultimediaCodigo, PublicacionID, TodoPublico) values (17, 17, 'Si');
insert into Contiene (MultimediaCodigo, PublicacionID, TodoPublico) values (18, 18, 'Si');
insert into Contiene (MultimediaCodigo, PublicacionID, TodoPublico) values (19, 19, 'Si');
insert into Contiene (MultimediaCodigo, PublicacionID, TodoPublico) values (20, 20, 'No');

